0x40533333,
0x403F1A06,
0x402CEA7B,
0x401C75F7,
0x400D9254,
0x4000196A,
0x3FE7D16B,
0x3FD1C1F4,
0x3FBDCBEB,
0x3FABBC2A,
0x3F9B646C,
0x3F8C9AD0,
0x3F7E72E9,
0x3F663C1F,
0x3F50533B,
0x3F3C8017,
0x3F2A8FEB,
0x3F1A54BF,
0x3F0BA4FE,
0x3EFCB60D,
0x3EE4A999,
0x3ECEE702,
0x3EBB3688,
0x3EA965B8,
0x3E9946ED,
0x3E8AB0D9,
0x3E7AFC3B,
0x3E6319D2,
0x3E4D7D47,
0x3E39EF39,
0x3E283D8F,
0x3E183AF2,
0x3E09BE5F,
0x3DF9456D,
0x3DE18CC7,
0x3DCC1604,
0x3DB8AA26,
0x3DA7176B,
0x3D9730CD,
0x3D88CD8D,
0x3D77919E,
0x3D600271,
0x3D4AB135,
0x3D37674C,
0x3D25F34A,
0x3D162878,
0x3D07DE60,
0x3CF5E0CA,
0x3CDE7ACD,
0xC051A095,
0xC03DADB9,
0xC02BA0D8,
0xC01B4BB3,
0xC00C8472,
0xBFFE4A6E,
0xBFE6177F,
0xBFD03216,
0xBFBC621A,
0xBFAA74C8,
0xBF9A3C32,
0xBF8B8EC7,
0xBF7C8DD9,
0xBF648538,
0xBF4EC618,
0xBF3B18C0,
0xBF294AC5,
0xBF192E8A,
0xBF0A9AC9,
0xBEFAD44D,
0xBEE2F5B1,
0xBECD5C96,
0xBEB9D1A5,
0xBEA822CB,
0xBE9822BB,
0xBE89A875,
0xBE791DC5,
0xBE6168E5,
0xBE4BF58C,
0xBE388CC5,
0xBE26FCD6,
0xBE1718BF,
0xBE08B7C9,
0xBDF76A3C,
0xBDDFDECE,
0xBDCA90F6,
0xBDB74A1E,
0xBDA5D8E3,
0xBD961095,
0xBD87C8C3,
0xBD75B9AC,
0xBD5E5768,
0xBD492ECF,
0xBD3609AB,
0xBD24B6EF,
0xBD150A38,
0xBD06DB5D,
0xBCF40C11,
0xBCDCD2AE,
0xBCC7CF13,
0x4051C99C,
0x403DD2D8,
0x402BC26F,
0x401B6A18,
0x400C9FF2,
0x3FFE7C33,
0x3FE64487,
0x3FD05AD5,
0x3FBC86F9,
0x3FAA9625,
0x3F9A5A61,
0x3F8BAA17,
0x3F7CBF47,
0x3F64B1F2,
0x3F4EEE90,
0x3F3B3D5E,
0x3F296BE7,
0x3F194C85,
0x3F0AB5E9,
0x3EFB0564,
0x3EE3221D,
0x3ECD84C7,
0x3EB9F603,
0x3EA843B3,
0x3E984081,
0x3E89C366,
0x3E794E86,
0x3E619502,
0x3E4C1D77,
0x3E38B0E4,
0x3E271D85,
0x3E173652,
0x3E08D28B,
0x3DF79AA8,
0x3DE00A9E,
0x3DCAB89B,
0x3DB76DFD,
0x3DA5F959,
0x3D962DF3,
0x3D87E356,
0x3D75E9C4,
0x3D5E82EC,
0x3D49562F,
0x3D362D4C,
0x3D24D72B,
0x3D152763,
0x3D06F5C2,
0x3CF43BD4,
0x3CDCFDE6,
0x3CC7F62E,
0x3CB4EECA,
0xC051EBC5,
0xC03DF1C1,
0xC02BDE67,
0xC01B8367,
0xC00CB6D8,
0xBFFEA5A3,
0xBFE66A06,
0xBFD07CC2,
0xBFBCA5AC,
0xBFAAB1EB,
0xBF9A7383,
0xBF8BC0D5,
0xBF7CE86E,
0xBF64D72F,
0xBF4F1042,
0xBF3B5BDB,
0xBF29877D,
0xBF19657B,
0xBF0ACC7F,
0xBEFB2E44,
0xBEE34718,
0xBECDA63E,
0xBEBA144A,
0xBEA85F19,
0xBE98594C,
0xBE89D9D5,
0xBE79771F,
0xBE61B9BE,
0xBE4C3EB3,
0xBE38CEF6,
0xBE2738BB,
0xBE174EF1,
0xBE08E8D3,
0xBDF7C2F9,
0xBDE02F19,
0xBDCAD99D,
0xBDB78BDC,
0xBDA6145F,
0xBD964667,
0xBD87F976,
0xBD7611CE,
0xBD5EA727,
0xBD4976F7,
0xBD364AF6,
0xBD24F203,
0xBD153FAD,
0xBD070BBC,
0xBCF46399,
0xBCDD21E2,
0x4051A306,
0x403DAFEE,
0x402BA2D7,
0x401B4D82,
0x400C8615,
0x3FFE4D63,
0x3FE61A2C,
0x3FD03482,
0x3FBC644B,
0x3FAA76C4,
0x3F9A3DFD,
0x3F8B9066,
0x3F7C90C9,
0x3F6487E1,
0x3F4EC880,
0x3F3B1AED,
0x3F294CBD,
0x3F193053,
0x3F0A9C65,
0x3EFAD738,
0x3EE2F855,
0x3ECD5EF9,
0x3EB9D3CE,
0x3EA824C0,
0x3E982480,
0x3E89AA0F,
0x3E7920AB,
0x3E616B84,
0x3E4BF7EB,
0x3E388EEB,
0x3E26FEC7,
0x3E171A81,
0x3E08B961,
0x3DF76D1D,
0x3DDFE168,
0x3DCA9351,
0x3DB74C40,
0x3DA5DAD1,
0x3D961254,
0x3D87CA57,
0x3D75BC88,
0x3D5E59FE,
0x3D493126,
0x3D360BC9,
0x3D24B8D9,
0x3D150BF4,
0x3D06DCEF,
0x3CF40EE7,
0x3CDCD540,
0x3CC7D166,
0x3CB4CD83,
0xC051EC01,
0xC03DF1F8,
0xC02BDE98,
0xC01B8393,
0xC00CB701,
0xBFFEA5EC,
0xBFE66A48,
0xBFD07CFE,
0xBFBCA5E2,
0xBFAAB21C,
0xBF9A73B0,
0xBF8BC0FD,
0xBF7CE8B7,
0xBF64D771,
0xBF4F107D,
0xBF3B5C10,
0xBF2987AE,
0xBF1965A7,
0xBF0ACCA7,
0xBEFB2E8C,
0xBEE3475A,
0xBECDA679,
0xBEBA1480,
0xBEA85F49,
0xBE985977,
0xBE89D9FC,
0xBE797766,
0xBE61B9FE,
0xBE4C3EEE,
0xBE38CF2C,
0xBE2738EB,
0xBE174F1C,
0xBE08E8FA,
0xBDF7C340,
0xBDE02F5A,
0xBDCAD9D7,
0xBDB78C10,
0xBDA6148F,
0xBD964693,
0xBD87F99D,
0xBD761215,
0xBD5EA767,
0xBD497731,
0xBD364B2A,
0xBD24F232,
0xBD153FD8,
0xBD070BE3,
0xBCF463DF,
0xBCDD2222,
0x4051A305,
0x403DAFED,
0x402BA2D7,
0x401B4D82,
0x400C8614,
0x3FFE4D63,
0x3FE61A2B,
0x3FD03482,
0x3FBC644B,
0x3FAA76C4,
0x3F9A3DFD,
0x3F8B9066,
0x3F7C90C8,
0x3F6487E0,
0x3F4EC87F,
0x3F3B1AEC,
0x3F294CBD,
0x3F193052,
0x3F0A9C65,
0x3EFAD737,
0x3EE2F855,
0x3ECD5EF9,
0x3EB9D3CD,
0x3EA824BF,
0x3E98247F,
0x3E89AA0F,
0x3E7920AA,
0x3E616B83,
0x3E4BF7EB,
0x3E388EEA,
0x3E26FEC7,
0x3E171A81,
0x3E08B960,
0x3DF76D1C,
0x3DDFE168,
0x3DCA9350,
0x3DB74C40,
0x3DA5DAD1,
0x3D961253,
0x3D87CA57,
0x3D75BC87,
0x3D5E59FE,
0x3D493126,
0x3D360BC9,
0x3D24B8D9,
0x3D150BF4,
0x3D06DCEF,
0x3CF40EE7,
0x3CDCD53F,
0x3CC7D166,
0xC051C998,
0xC03DD2D5,
0xC02BC26C,
0xC01B6A15,
0xC00C9FF0,
0xBFFE7C2E,
0xBFE64482,
0xBFD05AD1,
0xBFBC86F5,
0xBFAA9621,
0xBF9A5A5E,
0xBF8BAA14,
0xBF7CBF41,
0xBF64B1ED,
0xBF4EEE8C,
0xBF3B3D5A,
0xBF296BE4,
0xBF194C82,
0xBF0AB5E6,
0xBEFB055F,
0xBEE32218,
0xBECD84C3,
0xBEB9F5FF,
0xBEA843B0,
0xBE98407E,
0xBE89C363,
0xBE794E81,
0xBE6194FE,
0xBE4C1D73,
0xBE38B0E0,
0xBE271D81,
0xBE17364E,
0xBE08D289,
0xBDF79AA3,
0xBDE00A9A,
0xBDCAB897,
0xBDB76DFA,
0xBDA5F955,
0xBD962DF0,
0xBD87E353,
0xBD75E9BF,
0xBD5E82E7,
0xBD49562B,
0xBD362D48,
0xBD24D728,
0xBD152760,
0xBD06F5BF,
0xBCF43BCF,
0xBCDCFDE2,
0xBCC7F62A,
0x4051C955,
0x403DD298,
0x402BC235,
0x401B69E4,
0x400C9FC3,
0x3FFE7BDD,
0x3FE64439,
0x3FD05A8F,
0x3FBC86B9,
0x3FAA95EB,
0x3F9A5A2D,
0x3F8BA9E8,
0x3F7CBEF1,
0x3F64B1A5,
0x3F4EEE4A,
0x3F3B3D1E,
0x3F296BAE,
0x3F194C52,
0x3F0AB5BA,
0x3EFB0510,
0x3EE321D0,
0x3ECD8482,
0x3EB9F5C4,
0x3EA8437A,
0x3E98404E,
0x3E89C338,
0x3E794E32,
0x3E6194B6,
0x3E4C1D32,
0x3E38B0A5,
0x3E271D4C,
0x3E17361F,
0x3E08D25D,
0x3DF79A55,
0x3DE00A53,
0x3DCAB856,
0x3DB76DC0,
0x3DA5F921,
0x3D962DC1,
0x3D87E328,
0x3D75E971,
0x3D5E82A1,
0x3D4955EB,
0x3D362D0E,
0x3D24D6F4,
0x3D152731,
0x3D06F595,
0x3CF43B82,
0x3CDCFD9C,
0x3CC7F5EB,
0x3CB4EE8D,
0xC051EBC5,
0xC03DF1C2,
0xC02BDE67,
0xC01B8367,
0xC00CB6D9,
0xBFFEA5A3,
0xBFE66A06,
0xBFD07CC3,
0xBFBCA5AC,
0xBFAAB1EC,
0xBF9A7384,
0xBF8BC0D5,
0xBF7CE86F,
0xBF64D72F,
0xBF4F1042,
0xBF3B5BDB,
0xBF29877E,
0xBF19657C,
0xBF0ACC7F,
0xBEFB2E44,
0xBEE34719,
0xBECDA63E,
0xBEBA144B,
0xBEA85F19,
0xBE98594C,
0xBE89D9D5,
0xBE79771F,
0xBE61B9BE,
0xBE4C3EB4,
0xBE38CEF7,
0xBE2738BB,
0xBE174EF1,
0xBE08E8D3,
0xBDF7C2FA,
0xBDE02F1A,
0xBDCAD99E,
0xBDB78BDC,
0xBDA61460,
0xBD964668,
0xBD87F976,
0xBD7611CF,
0xBD5EA728,
0xBD4976F8,
0xBD364AF6,
0xBD24F203,
0xBD153FAD,
0xBD070BBC,
0xBCF46399,
0xBCDD21E3,
0x4051A306,
0x403DAFEE,
0x402BA2D7,
0x401B4D82,
0x400C8615,
0x3FFE4D63,
0x3FE61A2C,
0x3FD03482,
0x3FBC644B,
0x3FAA76C4,
0x3F9A3DFD,
0x3F8B9066,
0x3F7C90C9,
0x3F6487E1,
0x3F4EC880,
0x3F3B1AED,
0x3F294CBD,
0x3F193053,
0x3F0A9C65,
0x3EFAD738,
0x3EE2F855,
0x3ECD5EF9,
0x3EB9D3CE,
0x3EA824C0,
0x3E982480,
0x3E89AA0F,
0x3E7920AB,
0x3E616B84,
0x3E4BF7EB,
0x3E388EEB,
0x3E26FEC7,
0x3E171A81,
0x3E08B961,
0x3DF76D1D,
0x3DDFE168,
0x3DCA9351,
0x3DB74C40,
0x3DA5DAD1,
0x3D961254,
0x3D87CA57,
0x3D75BC88,
0x3D5E59FE,
0x3D493126,
0x3D360BC9,
0x3D24B8D9,
0x3D150BF4,
0x3D06DCEF,
0x3CF40EE7,
0x3CDCD540,
0x3CC7D166,
0xC051C998,
0xC03DD2D5,
0xC02BC26C,
0xC01B6A15,
0xC00C9FF0,
0xBFFE7C2E,
0xBFE64482,
0xBFD05AD1,
0xBFBC86F5,
0xBFAA9621,
0xBF9A5A5E,
0xBF8BAA14,
0xBF7CBF41,
0xBF64B1ED,
0xBF4EEE8C,
0xBF3B3D5A,
0xBF296BE4,
0xBF194C82,
0xBF0AB5E6,
0xBEFB055F,
0xBEE32218,
0xBECD84C3,
0xBEB9F5FF,
0xBEA843B0,
0xBE98407E,
0xBE89C363,
0xBE794E81,
0xBE6194FE,
0xBE4C1D73,
0xBE38B0E0,
0xBE271D81,
0xBE17364E,
0xBE08D289,
0xBDF79AA3,
0xBDE00A9A,
0xBDCAB897,
0xBDB76DFA,
0xBDA5F955,
0xBD962DF0,
0xBD87E353,
0xBD75E9BF,
0xBD5E82E7,
0xBD49562B,
0xBD362D48,
0xBD24D728,
0xBD152760,
0xBD06F5BF,
0xBCF43BCF,
0xBCDCFDE2,
0xBCC7F62A,
0x4051C955,
0x403DD298,
0x402BC235,
0x401B69E4,
0x400C9FC3,
0x3FFE7BDD,
0x3FE64439,
0x3FD05A8F,
0x3FBC86B9,
0x3FAA95EB,
0x3F9A5A2D,
0x3F8BA9E8,
0x3F7CBEF1,
0x3F64B1A5,
0x3F4EEE4A,
0x3F3B3D1E,
0x3F296BAE,
0x3F194C52,
0x3F0AB5BA,
0x3EFB0510,
0x3EE321D0,
0x3ECD8482,
0x3EB9F5C4,
0x3EA8437A,
0x3E98404E,
0x3E89C338,
0x3E794E32,
0x3E6194B6,
0x3E4C1D32,
0x3E38B0A5,
0x3E271D4C,
0x3E17361F,
0x3E08D25D,
0x3DF79A55,
0x3DE00A53,
0x3DCAB856,
0x3DB76DC0,
0x3DA5F921,
0x3D962DC1,
0x3D87E328,
0x3D75E971,
0x3D5E82A1,
0x3D4955EB,
0x3D362D0E,
0x3D24D6F4,
0x3D152731,
0x3D06F595,
0x3CF43B82,
0x3CDCFD9C,
0x3CC7F5EB,
0x3CB4EE8D,
0xC051EBC5,
0xC03DF1C2,
0xC02BDE67,
0xC01B8367,
0xC00CB6D9,
0xBFFEA5A3,
0xBFE66A06,
0xBFD07CC3,
0xBFBCA5AC,
0xBFAAB1EC,
0xBF9A7384,
0xBF8BC0D5,
0xBF7CE86F,
0xBF64D72F,
0xBF4F1042,
0xBF3B5BDB,
0xBF29877E,
0xBF19657C,
0xBF0ACC7F,
0xBEFB2E44,
0xBEE34719,
0xBECDA63E,
0xBEBA144B,
0xBEA85F19,
0xBE98594C,
0xBE89D9D5,
0xBE79771F,
0xBE61B9BE,
0xBE4C3EB4,
0xBE38CEF7,
0xBE2738BB,
0xBE174EF1,
0xBE08E8D3,
0xBDF7C2FA,
0xBDE02F1A,
0xBDCAD99E,
0xBDB78BDC,
0xBDA61460,
0xBD964668,
0xBD87F976,
0xBD7611CF,
0xBD5EA728,
0xBD4976F8,
0xBD364AF6,
0xBD24F203,
0xBD153FAD,
0xBD070BBC,
0xBCF46399,
0xBCDD21E3,
0x4051A306,
0x403DAFEE,
0x402BA2D7,
0x401B4D82,
0x400C8615,
0x3FFE4D63,
0x3FE61A2C,
0x3FD03482,
0x3FBC644B,
0x3FAA76C4,
0x3F9A3DFD,
0x3F8B9066,
0x3F7C90C9,
0x3F6487E1,
0x3F4EC880,
0x3F3B1AED,
0x3F294CBD,
0x3F193053,
0x3F0A9C65,
0x3EFAD738,
0x3EE2F855,
0x3ECD5EF9,
0x3EB9D3CE,
0x3EA824C0,
0x3E982480,
0x3E89AA0F,
0x3E7920AB,
0x3E616B84,
0x3E4BF7EB,
0x3E388EEB,
0x3E26FEC7,
0x3E171A81,
0x3E08B961,
0x3DF76D1D,
0x3DDFE168,
0x3DCA9351,
0x3DB74C40,
0x3DA5DAD1,
0x3D961254,
0x3D87CA57,
0x3D75BC88,
0x3D5E59FE,
0x3D493126,
0x3D360BC9,
0x3D24B8D9,
0x3D150BF4,
0x3D06DCEF,
0x3CF40EE7,
0x3CDCD540,
0x3CC7D166,
0x3CB4CD83,
0xC051EC01,
0xC03DF1F8,
0xC02BDE98,
0xC01B8393,
0xC00CB701,
0xBFFEA5EC,
0xBFE66A48,
0xBFD07CFE,
0xBFBCA5E2,
0xBFAAB21C,
0xBF9A73B0,
0xBF8BC0FD,
0xBF7CE8B7,
0xBF64D771,
0xBF4F107D,
0xBF3B5C10,
0xBF2987AE,
0xBF1965A7,
0xBF0ACCA7,
0xBEFB2E8C,
0xBEE3475A,
0xBECDA679,
0xBEBA1480,
0xBEA85F49,
0xBE985977,
0xBE89D9FC,
0xBE797766,
0xBE61B9FE,
0xBE4C3EEE,
0xBE38CF2C,
0xBE2738EB,
0xBE174F1C,
0xBE08E8FA,
0xBDF7C340,
0xBDE02F5A,
0xBDCAD9D7,
0xBDB78C10,
0xBDA6148F,
0xBD964693,
0xBD87F99D,
0xBD761215,
0xBD5EA767,
0xBD497731,
0xBD364B2A,
0xBD24F232,
0xBD153FD8,
0xBD070BE3,
0xBCF463DF,
0xBCDD2222,
0x4051A305,
0x403DAFED,
0x402BA2D7,
0x401B4D82,
0x400C8614,
0x3FFE4D63,
0x3FE61A2B,
0x3FD03482,
0x3FBC644B,
0x3FAA76C4,
0x3F9A3DFD,
0x3F8B9066,
0x3F7C90C8,
0x3F6487E0,
0x3F4EC87F,
0x3F3B1AEC,
0x3F294CBD,
0x3F193052,
0x3F0A9C65,
0x3EFAD737,
0x3EE2F855,
0x3ECD5EF9,
0x3EB9D3CD,
0x3EA824BF,
0x3E98247F,
0x3E89AA0F,
0x3E7920AA,
0x3E616B83,
0x3E4BF7EB,
0x3E388EEA,
0x3E26FEC7,
0x3E171A81,
0x3E08B960,
0x3DF76D1C,
0x3DDFE168,
0x3DCA9350,
0x3DB74C40,
0x3DA5DAD1,
0x3D961253,
0x3D87CA57,
0x3D75BC87,
0x3D5E59FE,
0x3D493126,
0x3D360BC9,
0x3D24B8D9,
0x3D150BF4,
0x3D06DCEF,
0x3CF40EE7,
0x3CDCD53F,
0x3CC7D166,
0x3CB4CD82,
0xC051EC01,
0xC03DF1F8,
0xC02BDE98,
0xC01B8393,
0xC00CB701,
0xBFFEA5EC,
0xBFE66A48,
0xBFD07CFE,
0xBFBCA5E2,
0xBFAAB21C,
0xBF9A73B0,
0xBF8BC0FD,
0xBF7CE8B7,
0xBF64D771,
0xBF4F107D,
0xBF3B5C10,
0xBF2987AE,
0xBF1965A7,
0xBF0ACCA7,
0xBEFB2E8C,
0xBEE3475A,
0xBECDA679,
0xBEBA1480,
0xBEA85F49,
0xBE985977,
0xBE89D9FC,
0xBE797766,
0xBE61B9FE,
0xBE4C3EEE,
0xBE38CF2C,
0xBE2738EB,
0xBE174F1C,
0xBE08E8FA,
0xBDF7C340,
0xBDE02F5A,
0xBDCAD9D7,
0xBDB78C10,
0xBDA6148F,
0xBD964693,
0xBD87F99D,
0xBD761215,
0xBD5EA767,
0xBD497731,
0xBD364B2A,
0xBD24F232,
0xBD153FD8,
0xBD070BE3,
0xBCF463DF,
0xBCDD2222,
0x4051A305,
0x403DAFED,
0x402BA2D7,
0x401B4D82,
0x400C8614,
0x3FFE4D63,
0x3FE61A2B,
0x3FD03482,
0x3FBC644B,
0x3FAA76C4,
0x3F9A3DFD,
0x3F8B9066,
0x3F7C90C8,
0x3F6487E0,
0x3F4EC87F,
0x3F3B1AEC,
0x3F294CBD,
0x3F193052,
0x3F0A9C65,
0x3EFAD737,
0x3EE2F855,
0x3ECD5EF9,
0x3EB9D3CD,
0x3EA824BF,
0x3E98247F,
0x3E89AA0F,
0x3E7920AA,
0x3E616B83,
0x3E4BF7EB,
0x3E388EEA,
0x3E26FEC7,
0x3E171A81,
0x3E08B960,
0x3DF76D1C,
0x3DDFE168,
0x3DCA9350,
0x3DB74C40,
0x3DA5DAD1,
0x3D961253,
0x3D87CA57,
0x3D75BC87,
0x3D5E59FE,
0x3D493126,
0x3D360BC9,
0x3D24B8D9,
0x3D150BF4,
0x3D06DCEF,
0x3CF40EE7,
0x3CDCD53F,
0x3CC7D166,
0xC051C998,
0xC03DD2D5,
0xC02BC26C,
0xC01B6A15,
0xC00C9FF0,
0xBFFE7C2E,
0xBFE64482,
0xBFD05AD1,
0xBFBC86F5,
0xBFAA9621,
0xBF9A5A5E,
0xBF8BAA14,
0xBF7CBF41,
0xBF64B1ED,
0xBF4EEE8C,
0xBF3B3D5A,
0xBF296BE4,
0xBF194C82,
0xBF0AB5E6,
0xBEFB055F,
0xBEE32218,
0xBECD84C3,
0xBEB9F5FF,
0xBEA843B0,
0xBE98407E,
0xBE89C363,
0xBE794E81,
0xBE6194FE,
0xBE4C1D73,
0xBE38B0E0,
0xBE271D81,
0xBE17364E,
0xBE08D289,
0xBDF79AA3,
0xBDE00A9A,
0xBDCAB897,
0xBDB76DFA,
0xBDA5F955,
0xBD962DF0,
0xBD87E353,
0xBD75E9BF,
0xBD5E82E7,
0xBD49562B,
0xBD362D48,
0xBD24D728,
0xBD152760,
0xBD06F5BF,
0xBCF43BCF,
0xBCDCFDE2,
0xBCC7F62A,
0x4051C955
